ville_id,ville,latitude,longitude,temp_ressentie_moy,nuages_moy,proba_pluie_max,pluie_totale_mm,score_pluie,score_temperature,score_meteo,rang_meteo,top5_meteo
28,Collioure,42.53,3.08,17.11,51.8,1.0,3.49,32.3,14.5,27.0,1,True
4,Le Havre,49.49,0.11,15.26,74.12,1.0,9.46,40.2,23.7,35.2,2,True
35,La Rochelle,46.16,-1.15,16.9,63.82,1.0,20.62,44.4,15.5,35.7,3,True
6,Paris,48.85,2.35,14.21,64.47,1.0,11.13,39.2,28.9,36.1,4,True
11,Colmar,48.08,7.36,13.34,50.35,1.0,12.96,37.4,33.3,36.2,5,True
31,Toulouse,43.6,1.44,15.66,59.52,1.0,19.57,42.9,21.7,36.5,6,False
32,Montauban,44.02,1.35,15.42,59.3,1.0,19.16,42.7,22.9,36.8,7,False
7,Amiens,49.89,2.3,13.02,67.7,1.0,7.53,37.8,34.9,36.9,8,False
3,Bayeux,49.28,-0.7,13.74,70.45,1.0,9.96,39.7,31.3,37.2,9,False
12,Eguisheim,48.04,7.31,12.83,49.9,1.0,14.55,38.2,35.8,37.5,10,False
29,Carcassonne,43.21,2.35,14.78,58.9,1.0,19.17,42.6,26.1,37.6,11,False
5,Rouen,49.44,1.09,13.52,68.68,1.0,11.06,40.0,32.4,37.7,12,False
14,Dijon,47.32,5.04,13.33,52.85,1.0,16.57,39.9,33.4,37.9,13,False
9,Strasbourg,48.58,7.75,13.77,59.65,1.0,16.57,41.3,31.2,38.3,14,False
17,Lyon,45.76,4.83,13.63,51.0,1.0,23.36,43.4,31.8,39.9,15,False
1,Mont Saint Michel,48.64,-1.51,14.78,70.05,1.0,21.97,46.4,26.1,40.3,16,False
8,Lille,50.64,3.06,13.15,70.65,1.0,18.28,44.4,34.2,41.3,17,False
26,Aigues Mortes,43.57,4.19,16.98,47.9,1.0,40.82,52.6,15.1,41.4,18,False
10,Chateau du Haut Koenigsbourg,48.25,7.34,10.29,53.1,1.0,14.21,38.6,48.6,41.6,19,False
27,Saintes Maries de la mer,43.45,4.43,17.33,47.68,1.0,45.17,55.0,13.4,42.5,20,False
33,Biarritz,43.48,-1.56,17.58,62.68,1.0,41.66,56.0,12.1,42.8,21,False
2,St Malo,48.65,-2.03,15.6,70.72,1.0,32.94,52.7,22.0,43.5,22,False
34,Bayonne,43.49,-1.47,17.65,62.55,1.0,44.14,57.4,11.8,43.7,23,False
19,Bormes les Mimosas,43.15,6.34,17.43,41.05,1.0,51.83,57.4,12.8,44.0,24,False
30,Ariege,42.95,1.41,11.56,65.6,1.0,23.79,46.5,42.2,45.2,25,False
13,Besancon,47.24,6.02,13.22,52.15,1.0,36.25,50.9,33.9,45.8,26,False
18,Gorges du Verdon,43.75,6.33,12.18,48.58,1.0,34.5,49.2,39.1,46.2,27,False
25,Nimes,43.84,4.36,16.64,49.75,1.0,59.57,63.5,16.8,49.5,28,False
20,Cassis,43.21,5.54,17.29,42.45,1.0,65.31,65.3,13.6,49.8,29,False
21,Marseille,43.3,5.38,17.05,42.02,1.0,67.47,66.4,14.7,50.9,30,False
15,Annecy,45.9,6.13,12.36,56.62,1.0,44.73,56.5,38.2,51.0,31,False
22,Aix en Provence,43.53,5.45,16.24,46.32,1.0,70.35,68.9,18.8,53.9,32,False
16,Grenoble,45.19,5.74,13.71,64.7,1.0,55.96,64.5,31.4,54.6,33,False
24,Uzes,44.01,4.42,16.09,47.7,1.0,88.72,79.6,19.6,61.6,34,False
23,Avignon,43.95,4.81,16.42,45.08,1.0,106.43,89.0,17.9,67.7,35,False
